{
    "PrefabEntries": [
        {
            "prefabPath": "Door",
            "connectID": -1,
            "position": {
                "x": 0.0,
                "y": 0.0,
                "z": 0.0
            },
            "rotation": {
                "x": 0.0,
                "y": 0.0,
                "z": 0.0
            },
            "scale": {
                "x": 1.0,
                "y": 1.0,
                "z": 1.0
            }
        },
        {
            "prefabPath": "Floor1",
            "connectID": -1,
            "position": {
                "x": -4.8380507933210029e-11,
                "y": -0.9882758259773254,
                "z": 0.7500014305114746
            },
            "rotation": {
                "x": 0.0,
                "y": 0.0,
                "z": 0.0
            },
            "scale": {
                "x": 10.0,
                "y": 1.0000033378601075,
                "z": 10.0
            }
        },
        {
            "prefabPath": "Player_Jammo",
            "connectID": -1,
            "position": {
                "x": 0.0,
                "y": 5.0,
                "z": 0.0
            },
            "rotation": {
                "x": 0.0,
                "y": 0.0,
                "z": 0.0
            },
            "scale": {
                "x": 0.699999988079071,
                "y": 0.699999988079071,
                "z": 0.699999988079071
            }
        }
    ]
}